,Amino Acid,Codon,Observed Frequency,Host Frequency,Host Frequency - Observed Frequency,Human Frequency,Drosophila Frequency,C. Elegans
0,K,total,1374,,,,,
1,K,AAA,0.5596797671,0.58,0.0203202329,0.43,0.3,0.59
2,K,AAG,0.4403202329,0.42,-0.0203202329,0.57,0.7,0.41
3,N,total,1430,,,,,
4,N,AAC,0.3993006993,0.4,0.0006993006993,0.53,0.56,0.38
5,N,AAT,0.6006993007,0.6,-0.0006993006993,0.47,0.44,0.62
6,T,total,1798,,,,,
7,T,ACA,0.2719688543,0.31,0.03803114572,0.28,0.2,0.34
8,T,ACC,0.2285873192,0.21,-0.01858731924,0.36,0.38,0.18
9,T,ACG,0.1434927697,0.14,-0.003492769744,0.11,0.26,0.15
10,T,ACT,0.3559510567,0.34,-0.01595105673,0.25,0.17,0.32
11,R,total,1034,,,,,
12,R,AGA,0.5067698259,0.48,-0.02676982592,0.21,0.09,0.29
13,R,AGG,0.1924564797,0.21,0.01754352031,0.21,0.11,0.08
14,R,CGA,0.05222437137,0.07,0.01777562863,0.11,0.15,0.23
15,R,CGC,0.05319148936,0.06,0.006808510638,0.18,0.33,0.1
16,R,CGG,0.0251450677,0.04,0.0148549323,0.2,0.15,0.09
17,R,CGT,0.170212766,0.14,-0.03021276596,0.08,0.16,0.21
18,S,total,2421,,,,,
19,S,AGC,0.09582817018,0.11,0.01417182982,0.24,0.25,0.1
20,S,AGT,0.1400247831,0.16,0.01997521685,0.15,0.14,0.15
21,S,TCA,0.2015695993,0.21,0.008430400661,0.15,0.09,0.26
22,S,TCC,0.1813300289,0.16,-0.02133002891,0.22,0.24,0.13
23,S,TCG,0.1024370095,0.1,-0.0024370095,0.05,0.2,0.15
24,S,TCT,0.2788104089,0.26,-0.01881040892,0.19,0.08,0.21
25,I,total,2216,,,,,
26,I,ATA,0.214801444,0.28,0.06519855596,0.17,0.19,0.16
27,I,ATC,0.2888086643,0.26,-0.02880866426,0.47,0.47,0.31
28,I,ATT,0.4963898917,0.46,-0.0363898917,0.36,0.34,0.53
29,M,total,737,,,,,
30,M,ATG,1,1,0,1,1,1
31,Q,total,823,,,,,
32,Q,CAA,0.7193195626,0.69,-0.02931956258,0.27,0.3,0.66
33,Q,CAG,0.2806804374,0.31,0.02931956258,0.73,0.7,0.34
34,H,total,588,,,,,
35,H,CAC,0.3707482993,0.36,-0.01074829932,0.58,0.6,0.39
36,H,CAT,0.6292517007,0.64,0.01074829932,0.42,0.4,0.61
37,P,total,1192,,,,,
38,P,CCA,0.413590604,0.41,-0.003590604027,0.28,0.25,0.53
39,P,CCC,0.1694630872,0.16,-0.009463087248,0.32,0.33,0.09
40,P,CCG,0.1140939597,0.12,0.005906040268,0.11,0.29,0.2
41,P,CCT,0.302852349,0.31,0.007147651007,0.29,0.13,0.18
42,L,total,3091,,,,,
43,L,CTA,0.1433193141,0.14,-0.003319314138,0.07,0.09,0.09
44,L,CTC,0.06146878033,0.06,-0.00146878033,0.2,0.15,0.17
45,L,CTG,0.1074086056,0.11,0.002591394371,0.4,0.43,0.14
46,L,CTT,0.1264962795,0.13,0.003503720479,0.13,0.1,0.25
47,L,TTA,0.2487868004,0.28,0.03121319961,0.08,0.05,0.11
48,L,TTG,0.31252022,0.28,-0.03252021999,0.13,0.18,0.23
49,E,total,1212,,,,,
50,E,GAA,0.698019802,0.7,0.00198019802,0.42,0.33,0.62
51,E,GAG,0.301980198,0.3,-0.00198019802,0.58,0.67,0.38
52,D,total,1225,,,,,
53,D,GAC,0.3412244898,0.35,0.008775510204,0.54,0.47,0.32
54,D,GAT,0.6587755102,0.65,-0.008775510204,0.46,0.53,0.68
55,A,total,1963,,,,,
56,A,GCA,0.2822210902,0.3,0.01777890983,0.23,0.17,0.31
57,A,GCC,0.2562404483,0.22,-0.03624044829,0.4,0.45,0.2
58,A,GCG,0.1141110545,0.11,-0.004111054508,0.11,0.19,0.13
59,A,GCT,0.347427407,0.37,0.02257259297,0.27,0.19,0.36
60,G,total,1771,,,,,
61,G,GGA,0.1637492942,0.23,0.06625070582,0.25,0.29,0.59
62,G,GGC,0.1806888763,0.2,0.01931112366,0.34,0.43,0.12
63,G,GGG,0.125352908,0.12,-0.005352907962,0.25,0.07,0.08
64,G,GGT,0.5302089215,0.46,-0.07020892151,0.16,0.21,0.2
65,V,total,1885,,,,,
66,V,GTA,0.1697612732,0.22,0.05023872679,0.12,0.11,0.16
67,V,GTC,0.2175066313,0.2,-0.0175066313,0.24,0.24,0.22
68,V,GTG,0.1973474801,0.19,-0.007347480106,0.46,0.47,0.23
69,V,GTT,0.4153846154,0.39,-0.02538461538,0.18,0.19,0.39
70,*,total,66,,,,,
71,*,TAA,0.4545454545,0.47,0.01545454545,0.3,0.41,0.43
72,*,TAG,0.2424242424,0.22,-0.02242424242,0.24,0.33,0.18
73,*,TGA,0.303030303,0.31,0.00696969697,0.47,0.25,0.39
74,Y,total,1239,,,,,
75,Y,TAC,0.4600484262,0.43,-0.03004842615,0.56,0.63,0.44
76,Y,TAT,0.5399515738,0.57,0.03004842615,0.44,0.37,0.56
77,C,total,446,,,,,
78,C,TGC,0.4080717489,0.38,-0.02807174888,0.54,0.71,0.45
79,C,TGT,0.5919282511,0.62,0.02807174888,0.46,0.29,0.55
80,W,total,515,,,,,
81,W,TGG,1,1,0,1,1,1
82,F,total,1942,,,,,
83,F,TTC,0.4644696189,0.41,-0.05446961895,0.54,0.62,0.51
84,F,TTT,0.5355303811,0.59,0.05446961895,0.46,0.38,0.49